id,oid,name,country,destination
13861,159399,(no name),,
13609,178526,(no name),,
3361,215320,(no name),,
5020,177507,(no name),,
13000,128710,(no name),- bitte wählen,
13322,130982,(no name),Costa Rica,
6091,112417,124 on Brunswick,Neuseeland,Rotorua
11327,133073,20° Sud,Mauritius,Mauritius
6952,124897,Absolute Riverside B&B,Neuseeland,Turangi
6231,113795,Accent House B&B,Neuseeland,Abel Tasman Nationalpark
1240,17,Adina Apartment Hotel Adelaide Treasury,Australien,Adelaide
1142,59621,Adina Serviced Apartments Martin Place,Australien,Sydney
13441,121218,AfroChic,Kenia,Mombasa
9563,53144,Aga Reef Resort,Samoa,Upolu
10039,11893,Aggie Grey’s Lagoon Beach Resort & Spa,Samoa,Upolu
6301,211730,Ah House Bed & Breakfast,Neuseeland,Nelson
1779,102341,Ahmedia Heritage Guest House,Vereinigte Arabische Emirate,Dubai
554,73040,Airlie Beach Hotel,Australien,Airlie Beach
9955,19261,Airways Hotel  Pankaj Pandey  Executive Assistant Manager,Papua-Neuguinea,
7967,143083,Aité Eco Hotel,Kolumbien,Palomino
5895,89799,Akaroa Cottages,Neuseeland,Akaroa
6175,34984,Albatross Motel,Neuseeland,Napier
2780,102606,Alex Hotel Perth,Australien,Perth
2976,101668,Alexander Lakeside B&B,Australien,Hervey Bay
1884,9989,All Seasons Eco Resort Phillip Island,Australien,
1828,52809,Alto Hotel On Bourke,Australien,
11516,14625,Amanjaya Pancam Hotel,Kambodscha,Phnom Penh
11775,83102,Amata Resort & Spa,Myanmar,Ngapali Beach
10410,117465,Ambre Resort & Spa,Mauritius,Mauritius
9276,19224,Ambua Lodge,Papua-Neuguinea,
7064,96895,Amora Hotel,Neuseeland,Auckland
11432,43624,Angkor Palace Resort & Spa,Kambodscha,Siem Reap
11509,82482,Ansara Hotel,Laos,Vientiane
10396,180503,Anse La Mouche Holiday Apartments,Seychellen,Mahe
10886,165421,Anse Soleil Beachcomber,Seychellen,Mahe
6840,30374,Aoraki Lodge B&B,Neuseeland,Twizel
12223,93072,Aqua Aloha Surf Waikiki,USA,
13224,175753,Aqui Hoy,Panama,
8037,75024,Aranwa Sacred Valley Hotel,Peru,Heiliges Tal
7393,104306,Araras Lodge,Brasilien,Cuiaba
4698,3566,Arathusa Safari Lodge,Südafrika,Sabi Sand Game Reserve
435,42217,Arkaba Station,Australien,Wilpena Pound
1002,26792,Arts Hotel Sydney,Australien,
13546,167027,Arusha Coffee Lodge,Tansania,Arusha
12139,92536,Aston Waikiki Beach Hotel,USA,
12041,93104,Aston Waikiki Sunset Apartments,USA,
4033,180084,Auberge Burgundy,Südafrika,Hermanus
11600,14632,Aureum Resort & Spa,Myanmar,Ngwe Saung Beach
1800,28024,Aurora Kakadu,Australien,Kakadu Nationalpark
7036,24333,Awatuna Homestead,Neuseeland,Hokitika
10599,168077,Ayada Maldives,Malediven,Male
6427,58049,Aylstone Wine Country Retreat,Neuseeland,Martinborough
13357,68959,Bahari View Lodge,Tansania,Zanzibar
11047,158896,Banyan Tree Seychelles,Seychellen,Mahe
1877,112107,Barossa Weintal Motel,Australien,Barossa Valley
5825,24321,Bavaria Guest House B&B,Neuseeland,Auckland
11026,117654,Baystone Boutique Hotel & Spa,Mauritius,Mauritius
3872,54230,Beach Hotel Swakopmund,Namibia,Swakopmund
10893,169635,Beachcomber Dinarobin Hotel Golf & Spa,Mauritius,Mauritius
11089,169669,Beachcomber Dinarobin Hotel Golf & Spa,Mauritius,Mauritius
10333,130586,Beachcomber Dinarobin Villas,Mauritius,Mauritius
9171,188163,Beachcomber Island Resort,Fiji,Mamanuca Inseln
2920,46916,Bed in the Treetops,Australien,St. Helens
512,154761,Bedarra Island Resort,Australien,Bedarra Island
7295,101606,Bellavista Cloud Forest Lodge,Ecuador,Quito
414,148723,Bellevue at Trinity,Australien,Cairns
5587,211140,Bellrock Lodge,Neuseeland,
7043,35604,Belmont on Harewood,Neuseeland,Christchurch
8366,103196,Berghotel Carolina,Bolivien,Cochabamba
11761,126613,Berjaya Langkawi Resort,Malaysia,Langkawi
11586,16717,Berjaya Tioman Resort,Malaysia,Tioman Island
3186,6874,Best Western Alpine Motor Inn,Australien,Blue Mountains
778,87421,Best Western Apollo Bay,Australien,Apollo Bay
155,74542,Best Western One Four Nelson,Australien,Mornington Peninsula
2192,114316,Best Western PLUS Hovell Tree Inn,Australien,Albury
3200,113426,BIG4 Holiday Parks of Australia,Australien,
6700,25343,Birds Ferry Lodge,Neuseeland,Westport
1478,6994,Bishop’s Garden,Australien,
10137,159034,Bleu de Toi,Mauritius,Mauritius
11278,118584,Bliss Hotel,Seychellen,Mahe
6875,211139,Blue Duck Station,Neuseeland,Wanganui
7617,98270,Bohemia Hotel Boutique,Argentinien,Mendoza
10382,131170,Bon Azur Beachfront Suites & Penthouses,Mauritius,Mauritius
10858,222009,Boucan Canot,La Réunion,St-Gilles-les-Bains
11628,67221,Boutique Hoi An Resort,Vietnam,Hoi An
11544,67211,Boutique Hotel Villa Langka,Kambodscha,Phnom Penh
7771,114698,Boutique-Hotel El Muelle,Chile,Puerto Natales
820,164075,BreakFree Aanuka Beach Resort,Australien,Coffs Harbour
1520,50542,Broad Leaf Villas,Australien,Norfolk Island
6476,114013,Brown Trout House B&B,Neuseeland,Turangi
5797,48317,Browns Boutique Hotel,Neuseeland,Queenstown
11698,43796,Bubu Long Beach Resort,Malaysia,Perhentian Island
6182,58004,Bushland Park Lodge,Neuseeland,Coromandel Halbinsel
904,19508,Buxton Manor,Australien,
1863,99061,Cambridge Hotel Sydney,Australien,Sydney
6483,140254,Camp Glenorchy,Neuseeland,Glenorchy
5237,172,Camp Okavango,Botswana,Okavango Delta
4327,153,Camp Xakanaxa,Botswana,Moremi Game Reserve
11495,123472,Candi Beach Resort & Spa,Indonesien,Candidasa
11166,159924,Cap Jean Marie Beach Villas,Seychellen,Praslin
11103,107546,Cap Ouest Apartments,Mauritius,Mauritius
3130,42203,Cape Lodge,Australien,Yallingup
6035,49372,Carlton Gore B&B,Neuseeland,Wellington
7302,113982,Carmenere Eco Hotel,Chile,Santiago de Chile
2444,62369,Carolynne's Cottages,Australien,Naracoorte
7841,51696,Casa Andina Private Collection Miraflores,Peru,Lima
13308,176334,Casa particular,Kuba,
7155,104300,Casa Patio Boutique-Hotel,Bolivien,Santa Cruz
3312,124652,Cascade Country Manor Hotel & Spa,Südafrika,Paarl
11229,117828,Casuarina Resort & Spa,Mauritius,Mauritius
6315,35113,Catlins Country Retreat,Neuseeland,Catlins
10263,160226,Cerf Island Resort,Seychellen,Cerf Island
6105,346,Chateau on the Park,Neuseeland,Christchurch
6007,362,Chateau Tongariro,Neuseeland,Tongariro Nationalpark
4740,149063,Cheetah Ridge Lodge,Südafrika,Nambiti Game Reserve
4999,70997,Chobe Bush Lodge,Botswana,Kasane
4761,179,Chobe Safari Lodge,Botswana,Kasane
4397,178,Chobe Savanna Lodge,Botswana,Chobe Nationalpark
13651,82874,Chuini Zanzibar Beach Lodge,Tansania,Zanzibar
7169,183953,Cilene del Faro Suite & Spa,Argentinien,Ushuaia
11957,84687,Cinnamon Bey Beruwala,Sri Lanka,Colombo
10186,173101,Cinnamon Dhonveli Maldives,Malediven,Male
11005,168116,Cinnamon Dhonveli Maldives,Malediven,Male
1184,114226,City Tempo - Southbank Collection,Australien,Melbourne
645,59187,Clare Country Club,Australien,Clare Valley
5657,124910,Cliff Edge By the Sea,Neuseeland,Opua
624,177091,Clifftop Phillip Island,Australien,Phillip Island
6553,221727,Cloud 9 Luxury Villa,Neuseeland,Russell
7855,98290,Club Tapiz,Argentinien,Mendoza
1723,48220,Club Wyndham Mission Beach,Australien,Mission Beach
11901,14563,Coco Beach Resort,Vietnam,Phan Thiet
3011,38650,Collins Hotel,Australien,Hobart
5566,101875,Collinson's B&B,Neuseeland,Wanaka
2115,29616,Comfort Inn Bay of Isles,Australien,Esperance
491,6889,Comfort Inn Country Plaza,Australien,Halls Gap
9458,28627,Conrad Bora Bora Nui,Französisch Polynesien,Bora Bora
10116,117846,Constance Le Prince Maurice Hotel,Mauritius,Mauritius
9913,49519,Cooks Bay Villas,Cook Islands,
1317,38764,Coorong Wilderness Lodge,Australien,
6217,37610,Copthorne Grand Central,Neuseeland,New Plymouth
11810,67852,Coral Redang Resort,Malaysia,Redang Island
8471,126871,Cosmopolitano Hotel Boutique,Bolivien,Santa Cruz
13084,130984,Costa Rica Marriott Hotel,Costa Rica,
6616,30367,Cotswold Cottage Country House,Neuseeland,Coromandel Halbinsel
421,30628,Cottages at Tarraleah,Australien,
2584,110819,Cottesloe Beach Hotel,Australien,Perth
6245,364,County Hotel,Neuseeland,Napier
12279,92702,Courtyard King Kamehameha’s Kona Beach Hotel,USA,
1051,73206,Cow Bay Homestay,Australien,Cape Tribulation
2493,125268,Cradle Mountain Wilderness Village,Australien,Cradle Mountain
6049,136869,Craggy Range Winery,Neuseeland,Napier
3025,52698,Craig's Royal Hotel,Australien,Ballarat
3235,68978,Crawford´s Beach Lodge,Südafrika,Chintsa East
6889,35047,Creel House B&B,Neuseeland,Lake Tekapo
6861,156039,Criffel Station,Neuseeland,Wanaka
6497,189151,Criffel Station,Neuseeland,Wanaka
2367,99308,Crossley Hotel Melbourne,Australien,Melbourne
9801,1448,Crown Beach Resort & Spa,Cook Islands,Rarotonga
2213,38220,Crown Metropol Hotel,Australien,Melbourne
2507,158250,Crown Promenade Perth,Australien,Perth
3004,158277,Crown Towers Perth,Australien,Perth
6644,211110,Crowne Plaza Christchurch,Neuseeland,Christchurch
8653,1594,Crusoe´s Retreat,Fiji,Viti Levu
8457,102313,Cruz do Pascoal,Brasilien,Salvador da Bahia
13063,131002,Dantica Cloud Forest Lodge,Costa Rica,
701,13160,Daydream Island Resort,Australien,Daydream Island
2577,4560,Desert Cave Hotel,Australien,Coober Pedy
10389,167927,Dhigali Maldives,Malediven,Male
1695,20604,Diamond Island Resort,Australien,Bicheno
11299,172852,Diamonds Thudufushi,Malediven,Male
7792,194515,Diplomatic Hotel,Argentinien,Mendoza
7869,148319,Diplomatic Hotel,Argentinien,Mendoza
7085,76537,Distinction Wellington - Century City Hotel,Neuseeland,Wellington
3718,42674,Dolomite Camp,Namibia,Etosha NP West
12447,105354,Dolphin Bay Divers Retreat,Fiji,Vanua Levu
841,52723,Dolphin Sands,Australien,Jervis Bay
5573,136011,Donkey Bay Inn,Neuseeland,Russell
2164,76089,Dorsett Singapore,- bitte wählen,Singapur
2143,60382,Double Tree by Hilton Alice Springs,Australien,
9885,222585,Doubletree by Hilton Noumea Ilot Maitre Resort,Neukaledonien,Grande Terre
13091,175943,Dreams Tulum,Mexiko,
3368,36320,Duba Explorers Camp,Botswana,Okavango Delta
5195,32999,Dugong Beach Lodge,Mozambique,Bazaruto Archipel
7400,148068,Duque Hotel,Argentinien,Buenos Aires
8254,194532,Duque Hotel,Argentinien,Buenos Aires
5244,197987,Dusk to Dawn Farm Guesthouse,Südafrika,Piet Retief
11418,81849,"Eaton, Hong Kong",Hongkong,Hongkong
2745,72765,"Eaton, Hongkong",China,
9430,76177,Eco Lodge Private Motu,Französisch Polynesien,Bora Bora
6896,111997,Eden Park B&B,Neuseeland,Auckland
13280,131007,El Mangroove,Costa Rica,
7540,123669,El Mercado,Peru,Cusco
7687,153379,El Retablo Boutique-Hotel,Peru,Cusco
3851,5036,Elephant Valley Lodge,Botswana,Kasane
4082,97216,Elephant´s Eye Lodge,Zimbabwe,Hwange NP
10431,158473,Emeraude Beach Attitude,Mauritius,Mauritius
1212,37975,Emirates Wolgan Valley Resort & Spa,Australien,Blue Mountains
2024,50589,Endeavour Lodge,Australien,Norfolk Island
11635,154602,EQ Hotel,Malaysia,Kuala Lumpur
2570,90738,Esperance B&B by the Sea,Australien,Esperance
2395,139015,Esperance Chalet Village,Australien,
960,471,Esplanade Hotel Fremantle,Australien,Perth
13553,82857,Essque Zalu Zanzibar,Tansania,Zanzibar
8100,109776,Estancia Huechahue,Argentinien,
3263,172122,Etosha Heights,Namibia,Kamanjab
3158,467,European Hotel by Miss Maud (former Miss Maud Swedish Hotel),Australien,Perth
9010,1629,Fafa Island Resort,Tonga,Tongatapu
3144,60588,Fairmont Resort,Australien,Blue Mountains
10018,53660,Fare Pea Iti,Französisch Polynesien,Tahaa
13035,175912,Fiesta Inn Airport Mexiko-City,Mexiko,
9409,1582,Fiji Beach Resort & Spa by Hilton,Fiji,
7386,98216,Finca Valentina,Argentinien,Salta
7232,41198,Finch Bay Eco Hotel,Ecuador,Puerto Ayora
9850,1590,First Landing Beach Resort & Villas,Fiji,Viti Levu
11068,118561,Fisherman's Cove,Seychellen,Mahe
6777,10082,Flagstaff Lodge,Neuseeland,Russell
8352,73064,Four Points by Sheraton Miraflores,Peru,Lima
9682,28628,Four Seasons Resort,Französisch Polynesien,
10053,159948,Four Seasons Resort Seychelles at Desroches Island,Seychellen,Desroches Island
12069,93054,Four Seasons Resort The Lodge at Koele,USA,
2486,7382,Fox & Hounds Inn,Australien,
1989,124732,Franklin Manor,Australien,Strahan
3746,40,Franschhoek Country House & Villas,Südafrika,Franschhoek
1702,152996,Fraser Suites Perth,Australien,Perth
10473,160239,Fregate Island Private,Seychellen,Fregate Island
5818,211675,French Bay House,Neuseeland,Akaroa
10221,158451,Friday Attitude,Mauritius,Mauritius
11908,43611,Fusion Maia Resort,Vietnam,Danang
10011,46087,Garden Island Resort,Fiji,
4719,42938,Garonga Safari Camp,Südafrika,Makalali Game Reserve
15,38289,Gipsy Point Lakeside Boutique Resort,Australien,Gipsy Point
13602,131745,Giraffe Manor,Kenia,Nairobi
6581,112496,Glendale B&B,Neuseeland,Oamaru
1226,47788,Glow Trinity Silom,- bitte wählen,Bangkok
4831,192855,Gondwana Tented Eco Camp,Südafrika,Mossel Bay
8576,148371,Gran Melia Iguazu,Argentinien,Iguazu
6924,10547,Grand Arden Monaco Nelson,Neuseeland,Nelson
6847,96919,Grand Chancellor Auckland City,Neuseeland,
5769,359,Grand Mercure Puka Park Resort,Neuseeland,Coromandel Halbinsel
1198,20435,Grand Mercure Rockford Esplanade,Australien,Cairns
1086,109404,Great Keppel Island Hideaway,Australien,Great Keppel Island
190,13109,Green Island Resort,Australien,Green Island
5748,89102,Greenmantle Estate,Neuseeland,Paraparaumu
11488,45419,Griya Santrian,Indonesien,Sanur
10984,82240,Guesthouse Villa Belle & Spa,La Réunion,Saint-Pierre
3725,57194,Gunn´s Camp,Botswana,Okavango Delta
7953,93693,Hacienda Hotel Vira Vira,Chile,Pucon
5804,136036,Hahei Horizon B&B,Neuseeland,Coromandel Halbinsel
4124,2552,Halali Camp,Namibia,Etosha NP Zentral
806,125496,Halls Gap Lakeside Tourist Park,Australien,Halls Gap
8919,28631,Hanakee Lodge,Französisch Polynesien,Hiva Oa
11537,14954,Harbour Grand Kowloon,Hongkong,Hongkong
582,3140,Harbour Plaza Metropolis Hotel,China,
862,74252,Harbour Rocks Hotel,Australien,Sydney
5832,35088,Hazel House,Neuseeland,Dunedin
11285,130842,Heritage Awali Golf & Spa,Mauritius,Mauritius
11075,130840,Heritage Le Telfair,Mauritius,
1786,7730,Highland Valley Holiday Units,Australien,Bright
11572,53694,Hikka Tranz by Cinnamon Hotel,Sri Lanka,Colombo
6910,330,Hilton Hotel,Neuseeland,Auckland
10326,117870,Hilton Mauritius Resort & Spa,Mauritius,Mauritius
12020,92706,Hilton Waikoloa Village,USA,
11852,23993,Ho Tram Beach Boutique Resort & Spa,Vietnam,Ho Tram
5097,181059,Hog Hollow Country Lodge,Südafrika,Plettenberg Bay
1156,458,Holiday Inn on Flinders,Australien,Melbourne
8891,76808,Holiday Inn Resort,Vanuatu,Efate
11551,149431,Holiday Resort Lombok,Indonesien,Lombok
1289,7593,Holmwood Guesthouse,Australien,Phillip Island
204,20084,Home Valley Station,Australien,Home Valley
7862,109170,Hostal Del Bosque,Argentinien,Ushuaia
7624,109151,Hosteria El Puma,Argentinien,El Chalten
8590,73903,Hosteria Foike,Argentinien,Ushuaia
6798,87487,Hotel 115,Neuseeland,Christchurch
7568,81602,Hotel 474 Buenos Aires,Argentinien,Buenos Aires
8359,79260,Hotel Altiplanico San Alfonso,Chile,Santiago de Chile
8408,96662,Hotel Alto Andino,Argentinien,Ushuaia
36,198497,Hotel Australasia,Australien,Eden
13231,131006,Hotel Bosque del Mar,Costa Rica,
7974,175430,Hotel Boutique Insolito,Brasilien,Buzios
13140,130985,Hotel Capitán Suizo,Costa Rica,
7071,63795,Hotel Chatham,Neuseeland,Chatham Islands
7162,148052,Hotel Cumbres Lastarria,Chile,Santiago de Chile
8093,99441,Hotel de Autor,Peru,Lima
7148,98183,Hotel del Virrey,Argentinien,Salta
7911,115484,Hotel Golden Bay,Ecuador,
7449,127187,Hotel Hare Uta,Chile,Osterinsel
50,72894,Hotel Icon,China,
7141,75334,Hotel Intiqa,Peru,Puno
11439,96152,Hotel Jen Tanglin Singapore,Singapur,Singapur
7897,78332,Hotel Jose Nogueira,Chile,Punta Arenas
7666,103136,Hotel K Misional,Bolivien,Santa Cruz
7673,115478,Hotel Katarma,Ecuador,San Cristobal
7918,136109,Hotel Kkala,Argentinien,Salta
7372,51498,Hotel Kosten Aike,Argentinien,El Calafate
7190,78085,Hotel Las Torres Patagonia,Chile,Torres del Paine
7603,51507,Hotel Los Yamanas,Argentinien,Ushuaia
7204,115064,Hotel Mainao,Ecuador,Puerto Ayora
7981,218792,Hotel Maison Italia,Chile,Santiago de Chile
8555,101179,Hotel Majoro,Peru,Nasca
7995,78049,Hotel Manoir Atkinson,Chile,Valparaiso
7701,50417,Hotel Mercure Alameda,Ecuador,Quito
12230,202562,Hotel Molokai,USA,
7134,51389,Hotel NH Ciudad,Chile,Santiago de Chile
7351,138086,Hotel Orly,Chile,Santiago de Chile
8373,137271,Hotel Palace,Ecuador,Guayaquil
13175,131005,Hotel Pasatiempo,Costa Rica,
4026,89,Hotel Pension Palmquell,Namibia,Windhoek
8618,114651,Hotel Playa Paraiso,Ecuador,Playas
8562,112367,Hotel Portal de Cantuña,Ecuador,Quito
8450,78075,Hotel Rey Don Felipe,Chile,Punta Arenas
9892,1370,Hotel Royal Huahine,Französisch Polynesien,Huahine
9507,38542,Hotel Rurutu Lodge,Französisch Polynesien,
13007,131001,Hotel San Bada,Costa Rica,
7988,61276,Hotel Serena,Argentinien,Buenos Aires
4355,35237,Hotel Shakaland,Südafrika,Eshowe
8128,73063,Hotel Sierra Nevada,Argentinien,El Calafate
6595,349,Hotel St. Moritz,Neuseeland,Queenstown
1296,126164,Hotel Stage,Hongkong,
7904,103184,Hotel Tambo Aymara,Bolivien,Uyuni
7379,76980,Hotel Tierra Atacama,Chile,San Pedro de Atacama
7575,103651,Hotel Tierra Chiloe,Chile,Castro
7939,50727,Hotel Vieja Cuba,Ecuador,Quito
11460,149416,Hotel Vila Ombak,Indonesien,Gili Trawangan
8520,141230,Hotel Villa dos Corais,Brasilien,Morro de Sao Paulo
6574,87102,House of Wood,Neuseeland,Te Anau
6133,46675,Huka Lodge,Neuseeland,Taupo
4754,180924,Humala River Lodge,Südafrika,Songimvelo Game Reserve
1457,78712,Ibis Adelaide,Australien,Adelaide
5860,339,Ibis Hotel,Neuseeland,Wellington
2549,74065,Ibis Hotel and Apartments,Australien,Melbourne
1534,436,Ibis Hotel Brisbane,Australien,Brisbane
2941,62416,Ibis Styles Alice Springs Oasis,Australien,Alice Springs
3221,115683,Ibis Styles Brisbane Elizabeth St,Australien,Brisbane
2668,76153,Ibis Styles Broken Hill,Australien,Broken Hill
393,9882,Ibis Styles Geraldton,Australien,Geraldton
505,20913,Ibis Styles Port Hedland,Australien,Port Hedland
11894,81830,Icon Hotel,Hongkong,Hongkong
12034,92579,Ihilani Resort & Spa,USA,
4019,148466,Imbali Safari Lodge,Südafrika,Krüger Park
11208,168172,Innahura Maldives Resort,Malediven,Male
11873,45377,Intercontinental Bali Resort,Indonesien,Jimbaran
8793,28561,InterContinental Fiji Golf Resort,Fiji,Viti Levu
9983,201002,InterContinental Lifou Wadra Bay Resort,Neukaledonien,Lifou
8779,1320,InterContinental Moorea Resort & Spa,Französisch Polynesien,Moorea
11705,123238,Intercontinental Saigon,Vietnam,Saigon
10200,107811,Isalo Rock Lodge,Madagaskar,Ranohira
3704,10934,Island Bush Camp,Zambia,South Luangwa NP
4866,120386,Jaci´s Safari Lodge,Südafrika,Madikwe Game Reserve
8415,104294,Jaguar House Boat,Brasilien,
10417,130495,Jalsa Beach Hotels & Spa,- bitte wählen,Mauritius
11502,16710,Japamala Resort,Malaysia,Tioman Island
1513,185751,Jasper Hotel,Australien,Melbourne
2885,140387,Jetty Road Retreat,Australien,Metung
11404,123360,Jetwing Blue Negombo,Sri Lanka,Colombo
11362,117969,JW Marriott Mauritius Resort,Mauritius,Mauritius
7218,153079,Kachi Lodge,Bolivien,Uyuni
4096,43,Kagga Kamma Private Game Reserve,Südafrika,Ceres
6665,58340,Kaimata Retreat,Neuseeland,Dunedin
5853,139083,Kamahi Cottage Farmstay,Neuseeland,Waitomo
8863,1266,Kanahau,Französisch Polynesien,
974,530,Kangaroo Island Wilderness Retreat,Australien,Kangaroo Island
11663,66225,Kantary Beach Hotel Villas & Suites,Thailand,Khao Lak
9500,19232,Karawari Lodge,Papua-Neuguinea,
8114,148342,Kau Yatun Hotel & Estancia,Argentinien,El Calafate
10795,130208,Kempinski Seychelles Resort,Seychellen,Mahe
11397,45399,Keraton Jimbaran Resort,Indonesien,Jimbaran
64,495,Kewarra Beach Resort & Spa,Australien,Cairns
4929,56879,Khwai Tented Camp,Botswana,Khwai
7946,75241,Killawasi Lodge,Peru,Yanque
5909,369,Kimeret Place,Neuseeland,Nelson
6287,137769,Kina Beach Vineyard,Neuseeland,Nelson
13798,107009,Kisiwa House,Tansania,Zanzibar
12125,92689,Koa Kea Hotel & Resort,USA,
11824,96071,Koh Munnork Private Island by Epikurean Lifestyle,Thailand,Koh Munnork
11481,14779,Koh Tao Cabana,Thailand,Koh Tao
6525,74885,Kokonga Lodge,Neuseeland,Kokonga
946,60912,Kooljaman Cape Leveque,Australien,Cape Leveque
6161,210724,Korari Bed & Breakfast,Neuseeland,Abel Tasman Nationalpark
9136,8679,Koro Sun Resort,Fiji,Vanua Levu
11467,24109,Koyao Island Resort,Thailand,Koh Yao Noi
6784,24330,Kuaotunu Bay Lodge,Neuseeland,Coromandel Halbinsel
9024,46838,L'Escapade Island Resort,Neukaledonien,
10683,164627,La Belle Tortue,Seychellen,Silhouette
8135,78790,La Casona de Vina Matetic,Chile,Rosario Tal
10340,144407,La Digue Island Lodge,Seychellen,La Digue
13854,120747,La Gemma Dell'Est,Tansania,Zanzibar
10963,159854,La Maison d'Été,Mauritius,Mauritius
4684,160,Lagoon Camp,Botswana,Linyanti
10711,130412,Laguna Beach Hotel & Spa,Mauritius,Mauritius
2087,9747,Lake Bennett Resort,Australien,Litchfield Nationalpark
932,42227,Lake House,Australien,
6714,114464,Lake Ngatu Lodge B&B,Neuseeland,Awanui
6637,378,Lake Tekapo Lodge,Neuseeland,Lake Tekapo
9262,84671,Lalati Island Resort,Fiji,Viti Levu
11747,14831,Layana Resort & Spa,Thailand,Koh Lanta
10508,131846,Le Domaine de la Réserve,Seychellen,Praslin
10361,24880,Le Duc de Praslin,Seychellen,Praslin
9416,19665,Le Lagon Resort,Vanuatu,
9514,72326,Le Meridien Bora Bora,Französisch Polynesien,Bora Bora
9598,28637,Le Meridien Ile des Pins,Neukaledonien,Ile des Pins
10746,117906,Le Meridien Ile Maurice,Mauritius,Mauritius
9619,188412,Le Meridien Noumea Resort & Spa,Neukaledonien,Noumea
8702,28630,Le Nuku Hiva by Pearl Resorts,Französisch Polynesien,Nuku Hiva
10235,213382,Le Royal Palissandre,Madagaskar,Antananarivo
9290,71803,Le Sauvage Private Island,Französisch Polynesien,Rangiroa
10130,144376,Le Surmer Chalets,Seychellen,La Digue
5384,162,Lebala Camp,Botswana,Linyanti
4908,5395,Leeuwenbosch Country House,Südafrika,Amakhala Game Reserve
11866,14681,Legend Chiang Rai Boutique River Resort & Spa,Thailand,Chiang Rai
10046,33100,Legends Resort Moorea,Französisch Polynesien,Moorea
1170,100237,Lenna of Hobart,Australien,Hobart
3914,201190,Leopard Mountain Safari Lodge,Südafrika,Hluhluwe
4985,16468,Leroo La Tau,Botswana,Makgadikgadi Pans
13728,121336,Lewa Wilderness,Kenia,Lewa Private Reserve
11796,123248,Liberty Central Saigon Riverside Hotel,Vietnam,Saigon
2171,522,Lilianfels Blue Mountains,Australien,
11054,168379,Lily Beach Resort & Spa,Malediven,Male
1499,155124,Little Albion Guest House,Australien,Sydney
8338,148355,Loi Suites Iguazu Hotel,Argentinien,Puerto Iguazu
11040,134320,Long Beach,Mauritius,
11194,130283,Long Beach,Mauritius,Mauritius
1870,6176,Lord Byron Resort,Australien,Byron Bay
7183,61403,Los Cauquenes Resort & Spa,Argentinien,Ushuaia
400,138296,Lumholtz Lodge,Australien,Atherton Tablelands
10081,130300,LUX* Belle Mare,Mauritius,
10123,130566,LUX* Grand Gaube,Mauritius,Mauritius
10501,130394,LUX* SALT of Palmar,Mauritius,Mauritius
7260,141245,Mabu Thermas Resort,Brasilien,
5783,10862,Mackenzie Country Hotel,Neuseeland,Twizel
12979,159677,Mala Mala Game Reserve - Main Camp,Südafrika,Sabi Sand Game Reserve
12993,159696,Mala Mala Game Reserve - Rattray's Camp,Südafrika,Sabi Sand Game Reserve
12986,159687,Mala Mala Game Reserve - Sable Camp,Südafrika,Sabi Sand Game Reserve
7652,63705,Mama Ruisa,Brasilien,Rio de Janeiro
9640,20395,Mana Island Resort,Fiji,Mamanuca Inseln
10578,81963,Manafiafy Beach and Forest Lodge,Madagaskar,Fort Dauphin
5888,46064,Manawa Ridge Lodge,Neuseeland,Coromandel Halbinsel
10788,81986,Mandrare River Camp,Madagaskar,Fort Dauphin
9920,53813,Mangaia Villas,Cook Islands,Mangaia
92,7770,Mango House Resort,Australien,Airlie Beach
2080,110625,Mangrove Resort Hotel,Australien,Broome
1387,9969,Mannum Motel,Australien,
890,9895,Mantra Hervey Bay,Australien,Hervey Bay
1842,446,Mantra on the Esplanade,Australien,Darwin
6140,125256,Mapua Hills B&B,Neuseeland,Nelson
4516,120367,Marataba Safari Lodge,Südafrika,Marakele NP
6273,50848,Marina del Rey Hotel,USA,Los Angeles
2787,7745,Marina Resort,Australien,
9073,121243,Marriott Resort Momi Bay,Fiji,Viti Levu
10529,67067,Masoandro Lodge,Madagaskar,Sainte Marie
6168,20263,Masterton Motor Lodge,Neuseeland,Masterton
8849,116143,Matava Resort,Fiji,Kadavu Island
8051,104054,Matildas Hotel Boutique,Chile,Santiago de Chile
13301,131000,Mawamba Lodge,Costa Rica,
11712,15778,Maya Hotel,Malaysia,Kuala Lumpur
3179,100972,Mayfair Hotel,Australien,Adelaide
2003,155677,Maylands Lodge,Australien,Hobart
7330,74306,Maytaq Wasin Boutique Hotel,Peru,Cusco
6448,138888,McCormick House,Neuseeland,Picton
5419,42940,Meerkat Guesthouse,Namibia,Swakopmund
11411,16704,Melia Bali Hotel,Indonesien,Nusa Dua
11670,126271,Melia Kuala Lumpur,Malaysia,Kuala Lumpur
2388,10014,Mercure Capricorn Resort,Australien,
169,100172,Mercure Darwin Airport Resort,Australien,Darwin
8912,8665,Mercure Nadi Hotel,Fiji,Viti Levu
3074,5106,Mercure Perth on Hay,Australien,Perth
218,37790,Mercure Sydney International Airport,Australien,Sydney Airport
11845,126715,Meritus Pelangi Beach Resort,Malaysia,Langkawi Kedah
10949,117923,Merville Beach,Mauritius,Mauritius
736,47474,Metropark Hotel Kowloon,China,
11425,14568,MGallery La Veranda Resort,Vietnam,Phu Quoc
11453,67199,Mia Resort Nha Trang,Vietnam,Nha Trang
6749,34907,Minarapa Lodge,Neuseeland,Taupo
10095,168201,Mirihi Island Resort,Malediven,Male
11292,167620,Mirihi Island Resort,Malediven,Male
5881,26013,Misty Peaks,Neuseeland,Fox Glacier
5048,208976,Mobile Camp,Namibia,
10543,130675,Mon Choisy Beach Resort,Mauritius,Mauritius
1506,38566,Moorooroo Park,Australien,
3375,57009,Moremi Crossing,Botswana,Moremi Game Reserve
2990,125305,Mount Bundy Station,Australien,Litchfield Nationalpark
57,222598,Mount Field Retreat,Australien,
6294,177154,Mountain Heights Lodge,Neuseeland,Tongariro Nationalpark
9969,74952,Mounu Island Resort,Tonga,Vavau
11642,33787,Mövenpick Hotel Hanoi,Vietnam,Hanoi
13623,146992,Msambweni Beach House,Kenia,Mombasa
9794,155566,Nakelo Treasure Island Resort,Fiji,Mamanuca Inseln
4733,131307,Nambwa Lagoon Camp,Namibia,Bwabwata Nationalpark
9997,1616,Nanuya Island Resort,Fiji,Yasawa Inseln
3501,4924,Nata Lodge,Botswana,Nata
10025,82189,Nautilus Resort,Cook Islands,Rarotonga
9143,28632,Navutu Stars Resort,Fiji,Yasawa Inseln
575,89587,Nehal by Bin Majid,Vereinigte Arabische Emirate,Abu Dhabi
6259,17657,Nesuto Celestion Apartment Hotel,Neuseeland,Auckland
11740,95703,New Hill Resort & Spa,Kambodscha,Kampong Som
3193,115817,NEXT Hotel Brisbane,Australien,Brisbane
13182,192656,NH Airport Hotel Mexiko-City,Mexiko,
7484,89864,NH Collection Bogota Royal,Kolumbien,Bogota
9080,198437,Ninamu Resort,Französisch Polynesien,Tikehau
589,107605,Noosa Crest,Australien,Noosa
13455,68963,Norfolk Hotel,Kenia,Nairobi
5699,75553,Novotel Auckland Airport,Neuseeland,Auckland
1982,7330,Novotel Barossa Valley Resort,Australien,Barossa Valley
3039,442,Novotel Cairns Oasis Resort,Australien,Cairns
2290,7738,Novotel Canberra,Australien,Canberra
7561,74869,Novotel Cusco,Peru,Cusco
2346,447,Novotel Darwin Airport,Australien,Darwin
407,19492,Novotel Melbourne St. Kilda,Australien,Melbourne
9332,45872,Novotel Nadi,Fiji,Viti Levu
813,27926,Novotel Rockford Darling Harbour,Australien,Sydney
6938,40073,Novotel Rockford Darling Harbour,Australien,
8933,55341,Novotel Suva,Fiji,Suva
2458,478,Novotel Sydney City Centre,Australien,Sydney
4852,25588,Nxai Pan,Botswana,Nxai Pan
4691,194858,Nxamaseri Island Lodge,Botswana,Tsodilo Hills
3480,179871,O on Kloof Boutique Hotel & Spa,Südafrika,Kapstadt
2850,74480,Oaks Embassy,Australien,Adelaide
1737,19,Oaks Plaza Pier,Australien,Adelaide
344,209686,Oaks Townsville Gateway Suites,Australien,Townsville
1611,178765,Oaktree Lodge,Australien,Phillip Island
10921,157237,Ocean V Hotel,Mauritius,Mauritius
6406,210737,Ocean View Chalets,Neuseeland,Abel Tasman Nationalpark
3774,2551,Okaukuejo Camp,Namibia,Etosha NP Zentral
2073,4430,Old Leura Dairy,Australien,Blue Mountains
6728,366,Old St. Mary´s Convent,Neuseeland,Blenheim
6854,126449,Old Sydney Holiday Inn,Australien,Sydney
3662,131213,Olive Grove Guesthouse,Namibia,Windhoek
6042,102082,Omori Lake House B&B,Neuseeland,Turangi
10830,130503,One & Only Le Saint Géran,Mauritius,
13938,137034,One Nature Nyaruswiga,Tansania,Serengeti Nationalpark
1618,39214,Oongkalkada Wilderness Camp,Australien,
1177,6312,Opal Cove Resort,Australien,Coffs Harbour
8275,104064,Oporto Boutique Hotel,Chile,Santiago de Chile
253,62513,Orient Guest House,Vereinigte Arabische Emirate,
918,30754,Orpheus Island Resort,Australien,Orpheus Island
1016,38360,Oscars Waterfront Boutique Hotel,Australien,Port Fairy
12188,92672,Outrigger Aina Nalu,USA,
8660,21046,Outrigger Fiji Beach Resort,Fiji,Viti Levu
11719,67235,Outrigger Laguna Phuket Beach Resort,Thailand,Phuket
11110,130458,Outrigger Mauritius Beach Resort,Mauritius,Mauritius
12293,92575,Outrigger Reef Waikiki Beach Resort,USA,
3067,91052,Ovolo Laneways Hotel,Australien,Melbourne
1681,114265,Ovolo Woolloomooloo,Australien,Sydney
834,187135,Pacific Hotel Cairns,Australien,Cairns
8548,77473,Palmazul Hotel & Spa,Ecuador,
11474,83962,Pangkor Laut Resort,Malaysia,Pangkor
568,496,Paradise on the Beach Resort,Australien,Cairns
13259,176323,Paradisus Rio de Oro,Kuba,Guardalavaca
2101,18935,Park Regis City Centre,Australien,Sydney
183,113454,Parklands Country Garden & Lodges,Australien,Blue Mountains
11754,66810,Parkroyal on Pickering Hotel,Singapur,Singapur
2129,39246,Parks Vic Wilderness Retreat,Australien,Wilsons Promontory
11838,67173,Peace Resort Samui,Thailand,Koh Samui
386,111828,Pegasus Apart'Hotel Melbourne,Australien,Melbourne
9626,1244,Pension Fare Vaihere,Französisch Polynesien,Moorea
9829,109584,Pension Le Kuriri,Französisch Polynesien,Maupiti
9724,38554,Pension Le Manotel,Französisch Polynesien,Rurutu
8730,1234,Pension Mauarii,Französisch Polynesien,
8646,1254,Pension Mave Mai,Französisch Polynesien,
8807,53669,Pension Relais Fenua,Französisch Polynesien,Tahiti
9255,53714,Pension Vaiama Village,Französisch Polynesien,Tuamotu Inseln
9843,1253,Pension Vainui Perles,Französisch Polynesien,
2059,501,Peppers Beach Club & Spa Palm Cove,Australien,Cairns
1744,65549,Peppers Blue on Blue Resort,Australien,Magnetic Island
2318,38827,Peppers Guest House,Australien,
2829,52994,Peppers Noosa Resort & Villas,Australien,Noosa
11677,16786,Permai Rainforest Resort,Malaysia,Kuching
11565,14822,Phi Phi Island Village Beach Resort,Thailand,Koh Phi Phi
11817,42855,Pimalai Resort & Spa,Thailand,Koh Lanta
5104,180,Pom Pom Camp,Botswana,Okavango Delta
2227,48364,Port Douglas Retreat,Australien,Port Douglas
6119,10736,Portside Hotel,Neuseeland,Gisborne
8541,51884,Pousada Abracadabra,Brasilien,Buzios
8422,143196,Pousada Casa Brancas,Brasilien,Buzios
7281,51911,Pousada Praia das Ondas,Brasilien,Itacimirim
2619,29627,Prairie Hotel,Australien,Flinders Ranges
11621,15196,Princess d´Annam Resort & Spa,Vietnam,Phan Thiet
9661,145447,Pullman Nady Bay Resort & Spa,Fiji,
309,27905,Pullman Port Douglas Sea Temple Resort & Spa,Australien,Port Douglas
11789,45365,Puri Santrian,Indonesien,Sanur
8184,93791,Puyuhuapi Resort & Spa,Chile,Balmaceda
9759,1612,Qamea Beach Resort & Spa,Fiji,Qamea Island
2353,74462,QT Sydney,Australien,Sydney
3116,29744,Quality Hotel Mildura Grand,Australien,Mildura
2185,6392,Quality Inn Railway,Australien,Kalgoorlie
2332,52829,Quality Resort All Seasons,Australien,
519,38316,Quality Suites Deep Blue,Australien,Warrnambool
10907,130430,Radisson Blu Azuri Resort & Spa,Mauritius,Mauritius
11369,130772,Radisson Blu Poste Lafayette,Mauritius,Mauritius
10004,28553,Radisson Blu Resort Fiji,Fiji,Viti Levu
6679,138898,Raetihi Lodge,Neuseeland,Kenepuru Sound
5874,10727,Ramada Reia Beach Resort,Neuseeland,Doubtless Bay
897,138545,Ramada Resort Coffs Harbour,Australien,Coffs Harbour
11943,24088,Ramada Resort Khao Lak,Thailand,Khao Lak
10641,158493,Recif Attitude,Mauritius,Mauritius
6826,188529,Reflection Lodge B&B,Neuseeland,Fox Glacier
11523,43769,Renaissance Hotel,Malaysia,Kuala Lumpur
2955,480,Rendezvous Hotel Sydney The Rocks,Australien,Sydney
7288,77474,Reserva Amazonica Inkaterra,Peru,Puerto Maldonado
6343,139655,Richmond Farm Lodge,Neuseeland,New Plymouth
4880,81,Ridgeview Lodge,Südafrika,Durban
2626,183455,Risby Cove,Australien,Strahan
6518,50960,Riu Plaza Fisherman's Wharf,USA,San Francisco
11859,83174,Riva Surya Bangkok Hotel,Thailand,Bangkok
4376,148832,River Lodge,Südafrika,Sabi Sand Game Reserve
9717,19253,Rondon Ridge,Papua-Neuguinea,
11649,85145,Rose Garden Hotel,Myanmar,Yangon
1030,49667,Rosewood Guesthouse,Australien,Margaret River
666,74985,Rosslyn Bay Resort,Australien,Yeppoon
5916,209924,Rotorua Views B&B,Neuseeland,Rotorua
1583,9741,Royal Exchange Hotel,Australien,
10557,159761,Royal Island Resort & Spa,Malediven,Male
2675,527,Royal Mail Hotel,Australien,Dunkeld
11929,67182,Royal Orchid Sheraton,Thailand,Bangkok
11320,130477,Royal Palm Beachcomber Luxury,Mauritius,Mauritius
13896,147107,Royal Zanzibar Beach Resort,Tansania,Zanzibar
3599,136317,Rra Dinare (Father Buffalo),Botswana,Okavango Delta
134,58801,Rydges Darwin Central,Australien,Darwin
3739,134730,Sable Alley Lodge,Botswana,Khwai
13595,45741,Safari Park Hotel,Kenia,Nairobi
323,38671,Saffire Freycinet,Australien,Freycinet Nationalpark
11061,68109,Sakoa Boutik Hotel,Mauritius,Mauritius
13875,133531,Samburu Game Lodge,Kenia,Samburu Nationalreservat
7309,122664,San Telmo Luxury Suites,Argentinien,Buenos Aires
13574,109979,Sanctuary Kusini,Tansania,Serengeti Nationalpark
13518,96589,Sanctuary Ngorongoro Crater Camp,Tansania,Ngorongoro Krater
13693,132981,Sanctuary Olonana,Kenia,Masai Mara
9248,46884,Sanctuary Rarotonga,Cook Islands,Rarotonga
13476,109669,Sanctuary Swala Camp,Tansania,Tarangire Nationalpark
2178,100368,Sandcastles 1770 Motel & Resort,Australien,Agnes Water
11691,14651,Sandoway Resort,Myanmar,Ngapali Beach
10536,117888,Sands Resort & Spa,Mauritius,Mauritius
13014,176341,Santa Isabel,Kuba,
11390,14767,Santhiya Koh Phangan Resort & Spa,Thailand,Koh Phangan
9395,188177,Sau Bay Resort & Spa,Fiji,Vanua Levu
4789,67509,Savanna Privat Game Reserve,Südafrika,Sabi Sand Game Reserve
10872,118280,Savoy Resort & Spa,Seychellen,Mahe
827,38716,Scamander Beach Resort,Australien,
9164,98765,Scenic Hotel,Tonga,Tongatapu
687,6183,Seagulls Resort on the Seafront,Australien,Townsville
106,28140,Seashells Yallingup,Australien,Yallingup
4803,135924,Selinda Explorers Camp,Botswana,Selinda Game Reserve
13406,122278,Selous Kulinda Camp,Tansania,Nyerere Nationalpark
13679,151834,Selous Serena Camp,Tansania,Selous Game Reserve
13672,109995,Serengeti Sojourn,Tansania,Serengeti Nationalpark
3403,164757,Sesfontein Guesthouse,Namibia,Sesfontein
13714,147006,Severin Safari Camp,Kenia,Tsavo West Nationalpark
10669,118059,Shangri La Le Touessrok Resort & Spa,Mauritius,Mauritius
11558,24152,Shangri-La Hotel Singapur,Singapur,Singapur
351,443,Shangri-La Hotel The Marina,Australien,Cairns
11684,82676,Shantaa Koh Kood,Thailand,Koh Kood
3102,19189,Shantara Resort Port Douglas,Australien,Port Douglas
13119,131003,Shawandha Lodge,Costa Rica,
2710,38239,Siam@Siam Design Hotel & Spa,- bitte wählen,
11768,23687,Siam@Siam Design Hotel Bangkok,Thailand,Bangkok
13525,137682,Silver Palm Spa & Resort,Kenia,Mombasa
11593,82523,Siripanna Villa Resort & Spa,Thailand,Chiang Mai
9647,39606,Siufaga Beach Resort,Samoa,Savaii
9668,1357,Sofitel Bora Bora Marara Beach Resort,Französisch Polynesien,Bora Bora
9521,124876,Sofitel Bora Bora Private Island Resort,Französisch Polynesien,Bora Bora
9185,1581,Sofitel Fiji Resort & Spa,Fiji,Viti Levu
9990,1312,Sofitel Kia Ora Moorea Beach Resort,Französisch Polynesien,Moorea
10165,118609,Sofitel L'Imperial Resort & Spa,Mauritius,Mauritius
2157,462,Sofitel Melbourne on Collins,Australien,Melbourne
10347,159136,Sofitel SO,Mauritius,Mauritius
1891,138707,Sofitel Sydney Darling Harbour,Australien,Sydney
11887,16613,Sokha Beach Resort & Spa,Kambodscha,Kampong Som
13203,176311,Sol Palmeras,Kuba,
9633,1586,Sonaisali Island Resort,Fiji,Viti Levu
8261,75030,Sonesta Posadas del Inca Yucay,Peru,Heiliges Tal
11726,189696,Song Saa Private Island,- bitte wählen,
5321,2265,Sossus Dune Lodge,Namibia,Sesriem
1996,27371,Southern Ocean Lodge,Australien,Kangaroo Island
981,101490,Spicers Balfour Brisbane,Australien,Brisbane
1926,42261,Spicers Clovelly Estate,Australien,
1422,42241,Spicers Peak Lodge,Australien,
5552,31616,Springwaters Lodge B&B,Neuseeland,Rotorua
12370,92684,St. Regis Princeville Resort,USA,
1562,90436,St. Regis Saadiyat Island,Vereinigte Arabische Emirate,Abu Dhabi
11579,124056,Stanford Hillview Hotel,Hongkong,Hongkong
4264,198,Stanley Safari Lodge,Zambia,Livingstone
7344,103305,Stannum Boutique Hotel,Bolivien,La Paz
9780,53147,Stevensons at Manase,Samoa,Savaii
2794,135817,Stranraer Homestead,Australien,Kangaroo Island
7890,63986,Su Merced Boutique Hotel,Chile,Santiago de Chile
10837,134290,Sugar Beach Golf & Spa Resort,Mauritius,Mauritius
10767,159803,Sun Island Resort & Spa,Malediven,Male
470,76639,Sundowner William MacIntosh Motor Lodge,Australien,
7099,112044,Sunlover Retreat B&B,Neuseeland,Coromandel Halbinsel
11656,14829,Sunrise Tropical Resort,Thailand,Krabi
9178,1239,Sunset Beach Motel,Französisch Polynesien,
8695,8597,Sunset Resort,Cook Islands,Rarotonga
2479,101633,Swansea Beach Chalets,Australien,Swansea
1023,185661,Sweetwater Lodge,Australien,Port Douglas
1079,4405,Sydney Harbour Hotel,Australien,Sydney
3984,3539,Sylvan Grove Guesthouse,Südafrika,Durban
13196,130986,Tabacón Thermal Resort & Spa,Costa Rica,
9556,45881,Tadrai Island Resort,Fiji,Mamanuca Inseln
9087,1274,Tahiti Airport Motel,Französisch Polynesien,
9605,61226,Tahiti Ia Ora Beach Resort by Sofitel,Französisch Polynesien,Tahiti
11383,117634,Tamarina Golf & Spa Boutique Hotel,Mauritius,Mauritius
10627,130502,Tamassa Resort,Mauritius,Mauritius
11614,122441,Tamu Eat & Sleep Otres Hotel,Kambodscha,Kampong Som
13252,130987,Tango Mar Beach Hotel,Costa Rica,
11831,14876,Tanjong Jara Resort,Malaysia,Kuala Dungun
10956,130770,Tarisa Resort & Spa,Mauritius,Mauritius
4495,25575,Tau Pan,Botswana,Kalahari
9675,3251,Tawali Resort,Papua-Neuguinea,
12454,130479,Tawali Resort,Papua-Neuguinea,"Milne Bay, Alotau"
9465,46885,Te Manava Villas,Cook Islands,Rarotonga
8828,19151,Te Moana Tahiti Resort,Französisch Polynesien,Tahiti
9108,45522,Te Vakaroa Villas,Cook Islands,
6567,35171,Te Waka Lodge,Neuseeland,Te Anau
11733,34361,Temple Tree Resort & Spa,Sri Lanka,Colombo
2591,9754,Territory Manor Motel,Australien,
9157,55355,Tevahine Dream,Französisch Polynesien,Rangiroa
3977,193977,Thamo Telele,Botswana,Maun
13707,107007,The Aiyana,Tansania,Pemba Island
11803,16249,The Andaman Resort,Malaysia,Langkawi
6973,201401,The Apple Picker's Cottages,Neuseeland,Abel Tasman Nationalpark
5930,34976,The Avenue Wanganui,Neuseeland,Wanganui
5524,140080,The Beach House,Neuseeland,Kawau Island
484,101023,The Blackman,Australien,Melbourne
3046,74139,The Cullen,Australien,Melbourne
5496,107215,The Elegant Farmstead,Namibia,Okahandja
9199,39082,The Fiji Orchid,Fiji,
11607,43776,The Frangipani Langkawi Resort & Spa,Malaysia,Langkawi
2500,27513,The Henry Jones Art Hotel,Australien,Hobart
1576,110458,The Hunter Valley Resort,Australien,Hunter Valley
12195,93106,The Kahala Hotel & Resort,USA,
11782,14660,The Kandawgyi Palace Hotel,Myanmar,Yangon
1,20837,The Kimberley Grande,Australien,Kununurra
3165,76516,The Kimberley Hotel,Hongkong,Hongkong
6070,211689,The Lodges at Transport World,Neuseeland,Invercargill
2010,38597,The Louise,Australien,Barossa Valley
10459,118021,The Oberoi Mauritius,Mauritius,Mauritius
6945,89757,The Olive Grove,Neuseeland,Akaroa
5762,140125,The Oyster Inn,Neuseeland,Waiheke Island
11446,14928,The Pavilions Bali,Indonesien,Sanur
6560,24325,The Peppertree,Neuseeland,Blenheim
6063,5818,The Quadrant,Neuseeland,Auckland
1555,500,The Reef House Palm Cove,Australien,Cairns
9577,155474,The Remote Resort,Fiji,Vanua Levu
10753,130756,The Residence Mauritius,Mauritius,Mauritius
5510,87529,The Resurgence,Neuseeland,Abel Tasman Nationalpark
11915,96130,The Royal Beach Seminyak Resort - MGallery,Indonesien,Seminyak
11936,149185,The Royal Sands Koh Rong,Kambodscha,Koh Rong
11950,83603,The Salisbury - YMCA of Hongkong,China,Hongkong
71,89468,The Salisbury - YMCA of Hongkong,China,Hongkong
5615,331,The Sebel Auckland,Neuseeland,Auckland
1331,52751,The Sebel Harbourside Kiama,Australien,
1758,492,The Sebel Quay West Suites Sydney,Australien,Sydney
162,516,The Sebel Resort Noosa,Australien,
8464,114842,The Singular Patagonia,Chile,Puerto Natales
7092,76727,The Springs Luxury B&B,Neuseeland,Rotorua
9241,28626,The St. Regis Bora Bora Resort,Französisch Polynesien,Bora Bora
1849,74448,The Sydney Boulevard Hotel,Australien,Sydney
3564,183,The Victoria Falls Hotel,Zimbabwe,Victoria Falls
7008,103117,The Wellesley Boutique Hotel,Neuseeland,Wellington
197,140872,Thousand Lakes Lodge,Australien,
8170,50890,Tierra Patagonia,Chile,Torres del Paine
8842,63262,Tongan Beach Resort,Tonga,Vavau
6000,140138,Tongariro Suites @ The Rocks,Neuseeland,Horopito
4229,95224,Townhouse Hotel,Südafrika,Kapstadt
3095,138276,Tranquil Retreat,Australien,Esperance
7050,63807,Travellers Rest,Neuseeland,Chatham Islands
1352,74294,Travelodge Hobart,Australien,Hobart
1345,445,Travelodge Resort Darwin,Australien,Darwin
6707,40009,Travelodge Sydney,Australien,
2878,10061,Tree Top Walk Motel,Australien,Walpole
5923,20243,Tudor Park Country Stay,Neuseeland,Invercargill
12440,93889,Tufi Resort,Papua-Neuguinea,Tufi
11530,120160,U Sukhumvit Bangkok,Thailand,Bangkok
5300,164622,Uis Elephant Guesthouse,Namibia,Uis
11922,14905,"Uma by COMO, Ubud",Indonesien,Ubud
9773,46074,Uprising Beach Resort,Fiji,Viti Levu
10613,66973,Vakona Forest Lodge,Madagaskar,Andasibe
10676,130826,Veranda Grand Baie Hotel & Spa,Mauritius,Mauritius
10879,130830,Veranda Palmar Beach Hotel,Mauritius,
10466,130817,Veranda Paul et Virginie Hotel & Spa,Mauritius,
10256,130813,Veranda Pointe aux Biches Hotel,Mauritius,Mauritius
722,37815,Vibe Hotel Rushcutters,Australien,
1569,4418,Vibe Hotel Sydney,Australien,Sydney
449,60672,Victor Apartments,Australien,Victor Harbor
5685,34963,Villa Heights B&B,Neuseeland,New Plymouth
3396,31,Villa Lutzi,Südafrika,Kapstadt
11880,123258,Villa Maly Boutique Hotel,Laos,Luang Prabang
9941,1230,Village Temanuata Beach,Französisch Polynesien,
8954,1238,Village Temanuata Iti,Französisch Polynesien,
13028,130983,Villas Kalimba,Costa Rica,
498,123269,Vision Cairns Esplanade,Australien,Cairns
8751,39077,Viwa Island Resort,Fiji,Yasawa Inseln
12251,92718,Volcano House Hotel,USA,
7078,102455,Wairakei Resort,Neuseeland,Taupo
6154,370,Wairepo House,Neuseeland,Motueka
6532,138046,Wanaka Haven,Neuseeland,Wanaka
6399,375,Wanaka Springs,Neuseeland,Wanaka
9423,39083,Wananavu Resort,Fiji,Viti Levu
1093,9725,Waterloo Inn Swansea,Australien,
2962,85929,Waters Edge Apartments,Australien,Cairns
6392,143915,Websters on Wanaka Lodge,Neuseeland,Wanaka
13448,165219,Wellworth Serengeti Lake Magadi Lodge,Tansania,
5706,103128,Wesley Gardens Boutique B&B,Neuseeland,Wellington
5734,24335,Whare Kea Lodge,Neuseeland,Wanaka
6658,35014,Wharekauhau Country Estate,Neuseeland,Cape Palliser
3431,203370,White Pearl Beach Resort,Mozambique,Ponta Mamoli
9353,1408,White Sand Beach Resort,Französisch Polynesien,
2017,185887,Whitsunday Vista Resort,Australien,Airlie Beach
4579,56084,Wild Ivory Eco Lodge,Südafrika,Welgevonden Game Reserve
1856,512,Wilson Island Resort,Australien,
7512,216515,Windsor California,Brasilien,Rio de Janeiro
8303,51742,Windsor Excelsior Copacabana,Brasilien,Rio de Janeiro
3207,149032,Witches Falls Cottages,Australien,
5440,151351,Wolwedans Collection,Namibia,Namib Rand Nature Reserve
4600,153312,Wolwedans Dune Camp,Namibia,Namib Rand Nature Reserve
4243,153299,Wolwedans Private Camp,Namibia,Namib Rand Nature Reserve
8443,61370,Xelena Hotel & Suites,Argentinien,El Calafate
1541,73574,Yering Gorge Cottages,Australien,Yarra Valley
